paper_id,paper_title,doi,first_author,year,journal,cited_by_count,is_oa,research_type,data_source,dataset_size,n_literature_sources,target_variable_name,target_variable_name_original,target_variable_unit,target_variable_range_min,target_variable_range_max,pollutants,materials,data_selection_criteria_described,data_preprocessing,validation_method,k_fold_k,train_test_ratio,grouped_splitting,best_metric_type,best_metric_value,best_rmse,reports_train_and_test,external_validation,n_features,hyperparameter_tuning,best_algorithm,interpretability_methods,n_features_used,feature_selection_method,top_3_features,mechanistic_discussion,ml_algorithms,n_algorithms_compared,evaluation_metrics,software_tools,code_available,data_available,compared_with_prior_work,water_type,discusses_scalability,engineering_validation,cost_analysis
1,Sorption Behavior of Azo Dye Congo Red onto Activated Biochar from Haematoxylum campechianum Waste: Gradient Boosting Machine Learning-Assisted Bayesian Optimization for Improved Adsorption Process,10.3390/ijms25094771,Diego Melchor Polanco Gamboa,2024,International Journal of Molecular Sciences,20,true,adsorption,experimental,105,,removal_efficiency,Removal percentage,%,,90.47,Congo Red,Biochar,false,none_reported,random_split,,80:20,false,R2,0.914,5.76,true,false,5,bayesian,GBM,none,5,none_reported,,false,GBM,1,R2; RMSE; MAE; MAPE; MSE; other,Python,false,false,false,synthetic,false,false,false
2,Functionalization of biochar using SDS/SAP nanomicelles enhanced its immobilization capacity for dyes and heavy metals in water,10.1038/s41598-025-91229-z,Kun Tian,2025,Scientific Reports,7,true,adsorption,experimental,,,adsorption_capacity,MB removal,mg/g,,277.09,Methylene Blue; Pb(II); Cd(II); Bisphenol A; P-nitrophenol,Biochar; SDMBC,false,normalization,random_split,,80:20,false,R2,0.976,3.433,true,false,5,none_reported,XGBoost,SHAP,5,none_reported,time; Ratio; pH,true,ANN; CNN; SVR; GBM; AdaBoost; XGBoost,7,R2; RMSE; MAE,MATLAB,false,true,false,synthetic,true,false,true
3,Removal of Cu(II) using three low‑cost adsorbents and prediction of adsorption using artifcial neural networks,,G. V. S. R. Pavan Kumar,2019,Applied Water Science,89,true,adsorption,experimental,,,removal_efficiency,Percent removal of copper ions,%,,,Cu(II),Groundnut seed cake powder; Sesame seed cake powder; Coconut cake powder,false,none_reported,random_split,,,false,R,0.989,,false,false,5,none_reported,ANN,none,5,none_reported,,false,ANN,1,R; other,MATLAB,false,false,false,synthetic,false,false,false
5,Metaheuristic optimization algorithms-based prediction modeling for titanium dioxide-Assisted photocatalytic degradation of air contaminants,,Muhammad Faisal Javed,2024,Results in Engineering,26,true,degradation,literature,200,26,rate_constant,photo-degradation rate (k),min−1/cm²,0.0,9.8,organic air pollutants; VOCs,TiO2,false,missing_value_imputation; log_transform; one_hot_encoding,k_fold,10,80:20,false,R,0.9,0.25,true,false,8,none_reported,RF,SHAP; PDP,6,correlation,reactor size; photocatalyst dosage; humidity,true,RF,6,R; RMSE; MAE; other,,false,false,false,not_applicable,false,false,false
6,"Predicting Aqueous Adsorption of Organic Compounds onto Biochars, Carbon Nanotubes, Granular Activated Carbons, and Resins with Machine Learning",10.1021/acs.est.0c02526,Kai Zhang,2020,Environmental Science & Technology,194,false,adsorption,literature,4102,,log_Kd,log Kd,L/g,,,phenol; 2-nitroaniline; 2-nitrophenol; 4-chloroaniline; 4-chlorophenol; 4-methylephenol; 4-nitroaniline; aniline; catechol; chlorobenzene; naphthalene; nitrobenzene; resorcinol; salicylic acid; pentachlorophenol,Biochar; CNT; Activated Carbon; polymeric resins,true,standardization,random_split,,70:15:15,true,R2,0.91,0.23,true,false,8,grid_search,ANN,SHAP,8,none_reported,log Ce; BET; V,true,ANN; SVM; Bagging; Ridge; LASSO; ElasticNet,6,R2; RMSE; MAE,MATLAB,true,true,true,synthetic,false,false,false
7,Removal of congo red from water by adsorption onto activated carbon derived from waste black cardamom peels and machine learning modeling,,Rameez Ahmad Aftab,2023,Alexandria Engineering Journal,100,true,adsorption,experimental,,,adsorption_capacity,adsorption capacity,mg/g,,,Congo Red,Activated Carbon,false,normalization,random_split,,,false,R2,0.9816,0.4635,true,false,5,bayesian,SVR,none,5,none_reported,,false,SVR; ANN,2,R2; RMSE; other,MATLAB; other,false,false,true,synthetic,false,false,false
8,A Study on Machine Learning Methods' Application for Dye Adsorption Prediction onto Agricultural Waste Activated Carbon,10.3390/nano11102734,Seyedehmaryam Moosavi,2021,Nanomaterials,45,true,adsorption,literature,350,13,adsorption_capacity,adsorption efficiency,,,,dyes; Methylene Blue,Activated Carbon; agricultural waste; Biochar,true,normalization; standardization,random_split,,,false,R2,0.9,0.15,true,false,9,grid_search,RF,feature_importance,5,correlation,C0; Pore volume; Surface area,true,RF; DT; GBM,3,R2; RMSE; MAE; MSE; R,Python,false,true,false,not_specified,false,false,false
9,Algal biochar: A natural solution for the removal of Congo red dye from textile wastewater,10.1016/j.jtice.2023.105312,Abdul Ahad Khan,2023,Journal of the Taiwan Institute of Chemical Engineers,36,true,adsorption,experimental,64,,removal_efficiency,removal efficacy,%,,96.14,Congo Red,Biochar,false,none_reported,random_split,,70:15:15,false,R2,0.9973,1.8765,true,false,2,none_reported,ANN,none,2,none_reported,time; concentration,false,ANN; RSM,2,R2; RMSE; SSE,other,false,false,false,synthetic,true,false,false
10,"Comprehensive investigation of isotherm, RSM, and ANN modeling of CO2 capture by multi‑walled carbon nanotube",,Zohreh Khoshraftar,2024,Scientific Reports,36,true,adsorption,experimental,250,,adsorption_capacity,CO2 adsorption capacity,mg/g,,424.08,CO2,CNT; Fe-Ni/AC catalyst,false,normalization,random_split,,70:15:15,false,R2,0.99904,,true,false,3,none_reported,ANN,sensitivity_analysis; feature_importance,3,manual,Pressure; Time; Temperature,true,ANN; RSM,2,R2; MSE,other,false,false,false,not_applicable,true,false,false
12,"Highly Efficient Adsorption of Norfloxacin by Low-Cost Biochar: Performance, Mechanisms, and Machine Learning-Assisted Understanding",10.1021/acsomega.4c03496,Miaomiao Zhang,2024,ACS Omega,12,true,adsorption,literature,144,18,adsorption_capacity,qe,mg/g,,,Norfloxacin,Biochar; Activated Carbon,false,none_reported,k_fold,5,70:30,true,R2,0.9238,,true,false,10,none_reported,RF,feature_importance,10,none_reported,C0; SBET; Dp,true,RF,1,R2; RMSE,,false,false,false,synthetic,true,false,false
14,"Statistical Modeling and Optimization of Process Parameters for 2,4-Dichlorophenoxyacetic Acid Removal by Using AC/PDMAEMA Hydrogel Adsorbent: Comparison of Different RSM Designs and ANN Training Methods",10.3390/w14193061,Irvan Dahlan,2022,Water,10,true,adsorption,literature,20,1,adsorption_capacity,adsorption capacity,mg/g,,,"2,4-Dichlorophenoxyacetic Acid",Hydrogel; Activated Carbon,false,normalization,random_split,,,false,R2,0.9998,,true,false,3,none_reported,RSM,feature_importance,3,manual,"pH; Activated carbon content; Initial concentration of 2,4-D",true,RSM; ANN,2,R2; MSE; other,MATLAB; other,false,false,true,synthetic,false,false,false
15,Statistical and Mathematical Modeling for Predicting Caffeine Removal from Aqueous Media by Rice Husk-Derived Activated Carbon,,Mehdi Bahrami,2023,Sustainability,5,true,adsorption,experimental,31,,adsorption_capacity,adsorption capacity (q),mg/g,7.11,33.9,Caffeine,Activated Carbon; rice husk,false,normalization,random_split,,80:20,false,R2,0.9517,2.28,false,false,4,none_reported,RF,feature_importance,4,none_reported,C0; time; Cs,true,DT; RF; Bayesian; LR; LASSO; Ridge,6,R2; RMSE,,false,true,true,synthetic,false,false,false
17,Automated Machine Learning-Based Prediction of the Effects of Physicochemical Properties and External Experimental Conditions on Cadmium Adsorption by Biochar,10.3390/w17152266,Shen Wang,2025,Water,2,true,adsorption,literature,598,18,adsorption_capacity,"adsorption capacity (Qe, mg/g)",mg/g,,105,Cd(II),Biochar,true,missing_value_imputation; correlation,random_split,5,90:10,false,R2,0.918,6.529,true,true,16,bayesian,Stacking,SHAP; PDP; feature_importance,16,correlation,initial Cd concentration; stirring rate; H/C ratio,true,AutoML; XGBoost; LightGBM; CatBoost; RF; GBM; ANN,4,R2; RMSE; MAE,Python,false,false,true,synthetic,true,true,false
18,Experimental optimization and machine learning modeling for sustainable Congo red dye removal from wastewater using activated goat bone biochar,,Ghazala Muteeb,2025,Journal of Science Advanced Materials and Devices,1,true,adsorption,experimental,17,,removal_efficiency,% CR removal Efficiency,%,85.12,93.51,Congo Red,Biochar,false,none_reported,random_split,,70:30,false,R2,0.91,,true,false,3,none_reported,DT,none,3,none_reported,,false,LR; DT; SVR; RF,4,R2; RMSE; MAE; MAPE,Design Expert,false,false,true,synthetic,true,false,false
23,XGBoost: An Optimal Machine Learning Model with Just Structural Features to Discover MOF Adsorbents of Xe/Kr,10.1021/acsomega.1c00100,Heng Liang,2021,ACS Omega,110,true,adsorption,database,303991,,selectivity,Xe/Kr selectivity,,,,Xe; Kr,MOF,true,none_reported,k_fold,5,30:70,false,R2,0.973,0.255,true,false,7,grid_search,XGBoost,feature_importance,7,correlation,Vol; ρ; φ,true,Ridge; LASSO; ElasticNet; SVM; Bayesian; ANN; RF; XGBoost,8,R2; RMSE; MSE; MAE,Python; other,false,true,true,not_applicable,true,false,false
24,Machine learning and high-throughput computational screening of hydrophobic metal–organic frameworks for capture of formaldehyde from air,10.1016/j.gee.2020.06.024,Xueying Yuan,2020,Green Energy & Environment,72,true,adsorption,database,29220,,uptake,NHCHO (adsorption capacity),mol kg-1,0,0.00218,Formaldehyde,MOF,true,log_transform,k_fold,5,,false,R,0.867,0.169,true,false,6,none_reported,RF,feature_importance,6,none_reported,KHCHO; Q0st; LCD,true,ANN; SVM; ELM; RF,4,R; MAE; RMSE,RASPA; other,false,false,true,not_applicable,false,false,false
25,Enhanced Adsorption Capacity of Methylene Blue Dye onto Kaolin through Acid Treatment: Batch Adsorption and Machine Learning Studies,10.3390/w16020243,Nadia Hamri,2024,Water,70,true,adsorption,experimental,316,,adsorption_capacity,MB adsorption capacity (Y),mg/g,33.7,61.3,Methylene Blue,kaolinite; acid-treated kaolinite,false,none_reported,random_split,,70:15:15,false,R2,0.9851,2.5985,true,false,6,genetic,GPR,none,6,manual,pH,false,GPR,1,R2; R; adjusted_R2; RMSE; MAE,MATLAB,false,true,false,both,false,true,false
51,Artificial neural network based modeling for the prediction of yield and surface area of activated carbon from biomass,10.1002/bbb.1991,Mochen Liao,2019,Biofuels Bioproducts and Biorefining,54,true,adsorption,literature,168,20,other,BET surface area,,,,,Activated Carbon; biomass,true,normalization,random_split,,70:15:15,false,R2,0.94,,true,true,11,none_reported,ANN,feature_importance,8,manual,,true,ANN,1,R2; MSE; MAPE,MATLAB,false,true,false,not_applicable,true,false,false
52,Two-Dimensional Energy Histograms as Features for Machine Learning to Predict Adsorption in Diverse Nanoporous Materials,10.1021/acs.jctc.2c00798,Kaihang Shi,2023,Journal of Chemical Theory and Computation,49,true,adsorption,database,36000,1,uptake,adsorption capacity,cm³(STP)/cm³ framework,,,"Kr; Xe; ethane; propane; n-butane; n-hexane; 2,2-dimethylbutane",MOF; Activated Carbon; hyper-cross-linked polymers; polymers of intrinsic microporosity; kerogens,true,normalization,random_split,,50:50,false,R2,0.99,2.1,true,true,70,none_reported,MLP,feature_importance,70,none_reported,X_27; X_13; X_70,true,LASSO; RF; XGBoost; ANN,4,R2; MAE; MAPE; RMSE,Python; R,true,true,true,not_applicable,true,false,false
54,Predicting adsorption ability of adsorbents at arbitrary sites for pollutants using deep transfer learning,10.1038/s41524-021-00494-9,Zhilong Wang,2021,npj Computational Materials,44,true,adsorption,database,8400,,other,adsorption energy,eV,-4.144,-0.07,Pb(II); Hg(II); Cd(II),g-C3N4; graphitic carbon nitride,false,none_reported,random_split,,85.7:14.3,false,R2,0.99,0.012,true,false,,none_reported,DNN,none,,none_reported,,false,DNN,1,R2; RMSE,Python; other,false,false,false,synthetic,true,false,false
55,Efficient Models for Predicting Temperature-Dependent Henry's Constants and Adsorption Selectivities for Diverse Collections of Molecules in Metal-Organic Frameworks,10.1021/acs.jpcc.1c05266,Xiaohan Yu,2021,The Journal of Physical Chemistry C,39,true,adsorption,database,21195,,other,Henry's constant (log KH),mol (kg Pa)^-1,,,"methane; ethane; ethene; propane; propene; isopentane; methyl tert-butyl ether; 1,5-heptadiene; 4,4-dimethyl-1-pentene; neopentane; 3-methylpentane; 2-methylpentane; propionitrile; propylamine; propionaldehyde; 3-methyl-1-butanol; 1-methyl-3-buten-1-ol; 1,5-hexadiene; 2-hexene",MOF,true,normalization; log_transform,random_split,,64:16:20,false,R2,0.879,,true,true,135,grid_search,GBM,none,135,none_reported,,false,SVM; GBM,2,R2; MAE; other,Python,true,true,true,not_applicable,true,false,false
56,Machine learning approach to predict adsorption capacity of Fe-modifed biochar for selenium,10.1007/s44246-023-00061-5,Habib Ullah,2023,Carbon Research,30,true,adsorption,literature,40,,adsorption_capacity,removal capacity,mg/kg,,,Selenium,Biochar,true,standardization,random_split,,80:20,false,R2,0.98,0.14,false,false,5,grid_search,SVR,SHAP; PDP; feature_importance,5,manual,oxygen (%); carbon (%); temperature,true,RF; SVR; XGBoost,3,R2; RMSE; R,R,true,false,false,not_specified,true,false,false
57,Hydrogen Purification Performance Optimization of Vacuum Pressure Swing Adsorption on Different Activated Carbons,10.3390/en14092450,Jinsheng Xiao,2021,Energies,29,true,adsorption,database,15,2,other,"hydrogen purity, hydrogen recovery",%,,,CO2; CH4; CO; N2,Activated Carbon,false,none_reported,random_split,,,false,R,,,true,false,2,none_reported,ANN,none,2,manual,feeding time; purging time,false,ANN,1,R,MATLAB; other,false,false,true,not_applicable,false,false,false
59,Synergism of Artificial Intelligence and Techno-Economic for Sustainable Treatment of Methylene Blue Dye-Containing Wastewater by Photocatalysis,10.3390/su16020529,Khumbolake Faith Ngulube,2024,Sustainability,24,true,degradation,experimental,29,,removal_efficiency,MB removal efficiency (R%),%,,,Methylene Blue,Graphene Oxide; ZnO,false,none_reported,random_split,,70:15:15,false,R2,0.946,,true,false,4,none_reported,ANN,feature_importance,4,none_reported,dye concentration; irradiation time; catalyst dosage,true,ANN; RSM,2,R2; MSE,MATLAB; Design Expert,false,true,false,synthetic,true,false,true
60,A novel interpretable machine learning model approach for the prediction of TiO2 photocatalytic degradation of air contaminants,10.1038/s41598-024-62450-z,Rodrigo Teixeira Schossler,2024,Scientific Reports,22,true,degradation,literature,200,25,rate_constant,Photo-degradation rate (k),min^-1/cm^2,0.0,0.037,"VOCs; Formaldehyde; Toluene; Benzene; Xylene; Hexane; 1,2-dichlorobenzene; n-butanol; Acetaldehyde; 2-propanol",TiO2,false,missing_value_imputation; log_transform; one_hot_encoding,random_split,,70:30,false,R2,0.961,0.055,true,false,8,bayesian,CatBoost,SHAP,8,none_reported,Dosage; Reactor size; Humidity,true,ANN; CatBoost; GBM; XGBoost,4,R2; MSE,Python,false,true,false,not_applicable,false,false,false
61,Machine learning-driven prediction of phosphorus adsorption capacity of biochar: Insights for adsorbent design and process optimization,10.1016/j.jenvman.2024.122405,Huafei Lyu,2024,Journal of Environmental Management,19,false,adsorption,literature,1200,52,adsorption_capacity,P adsorption capacity,mg/g,0,212.9,Phosphorus; Phosphate,Biochar,true,standardization; missing_value_imputation,k_fold,5,,false,R2,0.9573,8.02,false,false,16,grid_search,CatBoost,feature_importance; PDP,16,correlation,adsorbent dosage; initial P concentration; C content,true,RF; CatBoost,2,R2; RMSE,Python,false,false,false,synthetic,false,false,false
63,Neural‑based modeling adsorption capacity of metal organic framework materials with application in wastewater treatment,,Mozhgan Parsaei,2022,Scientific Reports,16,true,adsorption,literature,16,1,adsorption_capacity,adsorption capacity (Qe),mg/g,,,Pb(II); Cd(II),MOF; LDH,false,none_reported,k_fold,3,11:5,false,R2,0.9989469,4.0546973,true,false,2,none_reported,ANN,sensitivity_analysis,2,manual,initial concentration; ion type,true,ANN,1,R2; RMSE; MAE; other,JMP,false,false,true,synthetic,false,false,false
65,Predicting Active Sites in Photocatalytic Degradation Process Using an Interpretable Molecular-Image Combined Convolutional Neural Network,10.3390/catal12070746,Zhuoying Jiang,2022,Catalysts,13,true,degradation,literature,446,,rate_constant,photocatalytic degradation-rate constant,min⁻¹,,,2-chlorophenol; nitrobenzene; ciprofloxacin; terbufos; dichlorvos; n-propanol; acetone; benzylparaben; benzoic acid,TiO2,false,none_reported,k_fold,5,80:20,false,R2,0.897,0.156,false,false,6,bayesian,CNN,SHAP; Grad-CAM,6,none_reported,contaminant type; initial concentration; temperature,true,CNN; ANN,3,R2; RMSE; MAE,Python,false,false,true,synthetic,false,false,false
68,Experimental and modeling studies on the removal of bromocresol green from aqueous solutions by using pine cone‑derived activated biochar,,Nihan Kaya,2024,Biomass Conversion and Biorefinery,11,true,adsorption,experimental,179,,removal_efficiency,BCG dye removal (%),%,,96.27,Bromocresol Green,Biochar,false,none_reported,random_split,,70:15:15,false,R2,0.999,0.947,true,false,5,none_reported,ANN,sensitivity_analysis,5,none_reported,,false,ANN,1,R2; RMSE; MAE; other,MATLAB,false,false,false,synthetic,false,false,false
70,Machine learning frameworks to accurately estimate the adsorption of organic materials onto resin and biochar,,Raouf Hassan,2025,Scientific Reports,8,true,adsorption,literature,1750,,log_Kd,adsorption degree (logKd),,,,organic materials,Biochar; polymer resins,true,outlier_removal,random_split,,70:15:15,false,R2,0.974,,true,false,8,none_reported,XGBoost,SHAP; feature_importance,8,none_reported,equilibrium concentration; specific surface area; charge transfer,true,LR; Ridge; LASSO; ElasticNet; SVR; KNN; DT; RF; GBM; ANN; CNN; GPR; XGBoost; LightGBM; CatBoost,15,R2; MSE; other,,false,false,false,not_specified,true,false,false
71,Data-driven discovery of novel metal organic frameworks with superior ammonia adsorption capacity,10.1016/j.mtadv.2024.100510,Sang‐Hyun Kim,2024,Materials Today Advances,8,true,adsorption,database,1394,,uptake,NH3 adsorption capacity,mg/g,,,Ammonia,MOF,true,one_hot_encoding,random_split,,85:15,false,R2,0.978,,false,false,9,none_reported,ANN,feature_importance,9,none_reported,AV; PLD; GSA,true,ANN,1,R2; MAE,,false,false,true,not_applicable,false,false,false
72,A new intelligent prediction model using machine learning linked to grey wolf optimizer algorithm for O2/N2 adsorption,10.1002/cjce.25060,Hossein Mashhadimoslem,2023,The Canadian Journal of Chemical Engineering,7,true,adsorption,literature,1344,4,adsorption_capacity,adsorption capacity,mmol/g,,,O2; N2,porous carbon; Activated Carbon; carbon molecular sieve,false,normalization,random_split,,70:15:15,false,R2,0.9934,,false,false,4,genetic,ANN,none,4,none_reported,,false,ANN,1,R2; MSE; RMSE,,false,false,false,not_applicable,true,false,false
73,Methylene Blue Adsorption BY UV-Treated Graphene Oxide Nanoparticles (UV/n-GO): Modeling and Optimization Using Response Surface Methodology and Artificial Neural Networks,,M. Venkata Ratnam,2022,International Journal of Chemical Engineering,6,true,adsorption,experimental,30,,removal_efficiency,% adsorption,%,84.64,95.72,Methylene Blue,Graphene Oxide,false,none_reported,random_split,,70:20:10,false,R2,0.9572,,false,false,4,none_reported,ANN,none,4,none_reported,pH; Adsorbent dosage; Time,false,RSM; ANN,2,R2; MSE; other,MATLAB; other,false,true,false,synthetic,false,false,false
74,EFFICIENT REMOVAL OF METHYL ORANGE USING MAGNESIUM OXIDE NANOPARTICLES LOADED ONTO ACTIVATED CARBON,,Manohar Ratnam,2022,Bulletin of the Chemical Society of Ethiopia,5,true,adsorption,experimental,30,,removal_efficiency,% adsorption of MO,%,77.19,98.24,Methyl Orange,Magnesium Oxide Nanoparticles; Activated Carbon; Graphene Oxide,false,normalization,random_split,,70:15:15,false,R2,0.9926,,true,false,4,none_reported,ANN,none,4,manual,,false,ANN; RSM,2,R2; MSE; RE,MATLAB,false,false,false,synthetic,false,false,false
75,Data-Driven Screening and Discovery of Metal-Organic Frameworks as C2 Adsorbents from over 900 Experimental Isotherms,10.1021/acsami.4c14131,Matthew P. Rivera,2024,ACS Applied Materials & Interfaces,4,false,adsorption,literature,,132,uptake,uptake,mmol/g,,,Acetylene; Ethylene; Ethane,MOF,true,standardization,random_split,,64:16:20,true,R2,0.64,,false,true,94,bayesian,ANN,SHAP,94,none_reported,lig_all_T2; temperature; pressure,true,KRR; RF; ANN,3,R2; MAE; MAPE,Python,true,true,false,not_applicable,false,true,false
76,Analysis of interaction effects of persulphate and peroxymonosulphate on solar photocatalytic degradation of cortisone acetate,10.1002/cjce.24931,Mansoor Feilizadeh,2023,The Canadian Journal of Chemical Engineering,4,true,degradation,experimental,31,,removal_efficiency,CA degradation efficiency,%,70.2,93.3,Cortisone acetate,TiO2; Persulphate; Peroxymonosulphate,false,none_reported,random_split,,19:6:6,false,R2,0.979,1.034,false,false,3,none_reported,ANN,feature_importance,3,none_reported,PS concentration; PMS concentration; Photocatalyst concentration,true,RSM; ANN,2,R2; adjusted_R2; RMSE; MAE; other,MATLAB,false,false,false,synthetic,false,false,false
77,Optimization and performance prediction of carbon dioxide adsorption on chitosan/activated carbon/epichlorohydrin composite materials using Box–Behnken design and artificial neural network approaches,,Vorrada Loryuenyong,2025,Case Studies in Chemical and Environmental Engineering,3,true,adsorption,experimental,17,,uptake,CO2 Adsorbed at STP,cm³/g,4.22,7.47,CO2,Chitosan; Activated Carbon; epichlorohydrin,false,none_reported,random_split,,70:15:15,false,R2,0.9995,,true,false,3,none_reported,ANN,none,3,manual,CS Content; AC Concentration; EP Quantity,false,RSM; ANN,2,R2; R; MSE; RE,MATLAB; other,false,false,true,not_applicable,false,false,false
79,Multivariate Metal Organic Frameworks for High-Efficiency H2S/CO2/CH4 Adsorption and Separation: A Combined Molecular Simulation and Machine Learning Study,10.1021/acs.langmuir.5c03788,Yan-Yu Xie,2025,Langmuir,1,false,adsorption,database,10995,,uptake,adsorption capacity,mmol/g,,18.12,H2S; CO2,MOF,true,standardization; PCA; outlier_removal,random_split,5,60:20:20,false,R2,0.93,,false,false,,grid_search,XGBoost,SHAP; feature_importance,,PCA,Henry's constant; adsorption heat; capacity-related principal component,true,RF; XGBoost; ANN; LR,4,R2; MSE; MAE; accuracy; precision; recall; F1-score; AUC,Python,false,false,false,not_applicable,true,false,false
82,Ensemble-Learning-Guided Optimization Design for Metal-Organic Framework Adsorbents toward CO Adsorption,10.1021/acs.inorgchem.5c00994,Wuqing Tao,2025,Inorganic Chemistry,0,false,adsorption,literature,460,,uptake,static adsorption capacity of CO,,,,CO,MOF,true,standardization; label_encoding; missing_value_imputation,random_split,,80:20,true,R2,0.9574,0.2048,true,false,,grid_search,XGBoost,SHAP; PDP,,none_reported,pore connectivity; MOS; metal loading,true,GBM; RF; SVR; ET; ANN; XGBoost,6,R2; RMSE; MAE,Python,true,true,false,not_applicable,false,false,false
84,Machine learning approaches for predicting arsenic adsorption from water using porous metal–organic frameworks,10.1038/s41598-022-20762-y,Jafar Abdi,2022,Scientific Reports,61,true,adsorption,literature,280,12,removal_efficiency,Removal efficiency (%),%,0.5,100,As(V); arsenate,MIL-101(Fe); MIL-88A; MIL-100(Fe); UiO-66; UiO-66-NH2; MIL-53(Fe); MOF; MIL-88B; ZIF-8; AUBM-1; GUT3; MIL-125(Ti),false,outlier_removal,random_split,,85:15,false,R2,0.9958,2.0688,true,false,7,none_reported,LightGBM,sensitivity_analysis,7,none_reported,adsorbent dosage; MOFs surface area; initial arsenic concentration,true,LightGBM; XGBoost; GBM; RF,4,R2; RMSE; STD; AAPRE,Python,false,true,false,not_specified,true,false,false
86,"Multi-scale design of MOF-based membrane separation for CO2/CH4 mixture via integration of molecular simulation, machine learning and process modeling and simulation",10.1016/j.memsci.2023.121430,Xi Cheng,2023,Journal of Membrane Science,52,true,adsorption,experimental,1340,,adsorption_capacity,adsorption capacity (N),mmol/g,1.72,27.91,CO2; CH4,MOF,false,normalization,random_split,,70:15:15,false,R2,0.9822,0.0086,true,false,3,bayesian,ANN,none,3,none_reported,feed CO2 mole fraction (z); temperature (T); partial pressure (p),false,ANN,1,R2; MSE,MATLAB; Materials Studio,false,false,true,not_applicable,true,true,false
87,Removal of Crystal Violet by Using Reduced-Graphene-Oxide-Supported Bimetallic Fe/Ni Nanoparticles (rGO/Fe/Ni): Application of Artificial Intelligence Modeling for the Optimization Process,,Wenqian Ruan,2018,Materials,45,true,adsorption,experimental,29,,removal_efficiency,removal efficiency,%,59.1,87.7,Crystal Violet,Graphene Oxide; bimetallic Fe/Ni nanoparticles,false,normalization,random_split,,80:20,false,R2,0.9998,,true,false,4,none_reported,ANN,feature_importance,4,manual,Temperature; Initial pH; Initial dye concentration,true,RSM; ANN,4,R2; MAE,MATLAB,false,false,true,synthetic,false,false,false
88,Deep Learning Models for Predicting Gas Adsorption Capacity of Nanomaterials,10.3390/nano12193376,Wenjing Guo,2022,Nanomaterials,38,true,adsorption,database,130000,,adsorption_capacity,gas adsorption capacities,cm3(STP)/cm3,,,Methane; Carbon Dioxide,MOF; COF,true,none_reported,k_fold,10,90:10,false,R2,0.9652,,false,true,26,grid_search,MLP,feature_importance,26,manual,dominant pore size; gravimetric surface area; atom types,true,ANN; LSTM,2,R2; RMSE; MAE; R,Python,false,false,true,not_applicable,true,false,false
89,"Crystal violet removal using ZIF-60: Batch adsorption studies, mechanistic & machine learning modeling",,Usman M. Ismail,2023,Environmental Technology & Innovation,38,true,adsorption,experimental,25,,adsorption_capacity,Adsorption Capacity,mg/g,10.51,5698.2,Crystal Violet,ZIF-60,false,none_reported,none_reported,,,false,R,0.9873,,false,false,4,none_reported,Stacking,none,4,none_reported,,false,SVM; ANN; RF; Stacking,4,R; RAE; RRSE; NSE,other,false,false,false,synthetic,false,false,false
90,Modeling of Cu(II) Adsorption from an Aqueous Solution Using an Artificial Neural Network (ANN),,Taimur Khan,2020,Molecules,34,true,adsorption,experimental,46,,removal_efficiency,percentage Cu(II) adsorption,%,,,Cu(II),rice husk char,false,none_reported,random_split,,70:15:15,false,R2,0.989,,false,false,4,none_reported,ANN,none,4,manual,,false,ANN,8,R2; MSE,MATLAB,false,false,false,synthetic,false,false,false
91,Metal-Organic Frameworks for Water Harvesting: Machine Learning-Based Prediction and Rapid Screening,10.1021/acssuschemeng.3c01233,Zhiming Zhang,2023,ACS Sustainable Chemistry & Engineering,33,false,adsorption,mixed,344,,qmax,maximum adsorption capacity (qmax),mmol/g,,,H2O,MOF,true,normalization; standardization,random_split,5,90:10,false,R2,0.936,,false,true,77,grid_search,RF,feature_importance; SHAP,77,none_reported,VSA; GSA; LFPD,true,RF; GBM,4,R2; MAE,Python,false,true,false,not_applicable,false,false,false
92,Modeling and Optimizing of NH4+ Removal from Stormwater by Coal-Based Granular Activated Carbon Using RSM and ANN Coupled with GA,10.3390/w13050608,Aixin Yu,2021,Water,32,true,adsorption,experimental,29,,removal_efficiency,NH4+ removal rate,%,48.12,63.32,NH4+; Ammonium,Activated Carbon; CB-GAC,false,normalization,random_split,,55:14:14:17,false,R2,0.9959,,true,false,4,none_reported,ANN,feature_importance,4,manual,Contact time; pH; Temperature,true,RSM; ANN,2,R2; RMSE; MSE,Design-Expert,false,false,false,synthetic,true,false,false
93,Predictive modeling and computational machine learning simulation of adsorption separation using advanced nanocomposite materials,,Xuefang Hu,2022,Arabian Journal of Chemistry,29,true,adsorption,literature,18,1,adsorption_capacity,Qe,,5,527,Hg(II); Ni(II),MOF,false,none_reported,random_split,,,false,R2,0.994,2.169,false,false,2,none_reported,GBM,none,2,none_reported,Ion type; C0,false,ElasticNet; DT; GBM,3,R2; RMSE; MAE,,false,false,false,synthetic,false,false,false
94,"Machine learning, conventional and statistical physics modeling of 2,4-Dichlorophenoxyacetic acid (2,4-D) herbicide removal using biochar prepared from Vateria indica fruit biomass",10.1016/j.chemosphere.2024.141130,Ramesh Vinayagam,2024,Chemosphere,28,true,adsorption,experimental,81,,adsorption_capacity,adsorption capacity (qe),mg/g,,,"2,4-Dichlorophenoxyacetic acid",Biochar,false,normalization,random_split,,70:15:15,false,R2,0.9928,,true,false,5,none_reported,ANN,none,5,none_reported,,false,ANN; ANFIS,2,R2; RMSE; MSE; MAE,MATLAB,false,false,false,synthetic,false,false,false
95,Data Driven Discovery of MOFs for Hydrogen Gas Adsorption,10.1021/acs.jctc.3c00081,Samrendra Singh,2023,Journal of Chemical Theory and Computation,26,false,adsorption,database,12878,,uptake,H2 adsorption,g/L,8.2,25.76,H2,MOF,true,outlier_removal,k_fold,10,80:20,false,R2,0.91,0.381,false,false,29,grid_search,CNN,feature_importance; correlation,29,manual,total void fraction; mass; volumetric total surface area,true,RF; LightGBM; ANN; Stacking; CNN,5,R2; RMSE; MAE; MAPE; MSE,Python,true,true,true,not_applicable,true,false,false
96,Applications of artificial neural network and Box-Behnken Design for modelling malachite green dye degradation from textile effluents using TiO2 photocatalyst,,Chandrika K.C,2021,Environmental Engineering Research,25,true,degradation,experimental,15,,removal_efficiency,degradation (%),%,69.017,87.954,Malachite Green,TiO2,false,none_reported,random_split,,,false,R2,0.97073,,false,false,3,none_reported,ANN,none,3,manual,Initial dye concentration; Catalyst dosage; Contact time,false,ANN; RSM,2,R2,MATLAB,false,false,false,synthetic,false,false,false
97,Design and Optimization of Solid Amine CO2 Adsorbents Assisted by Machine Learning,10.1021/acssuschemeng.2c04492,Shichao Zhang,2022,ACS Sustainable Chemistry & Engineering,24,false,adsorption,experimental,,,qmax,CO2 adsorption capacity,mmol/g,,3.78,CO2,silica gel; Activated Carbon; macroporous silicone; TEPA; PEI,false,none_reported,external,,,false,,,,false,true,5,grid_search,RF,SHAP; feature_importance,5,manual,amine loading; pore volume; pore size,true,RF; XGBoost,1,,Python,false,false,false,not_applicable,true,true,false
98,Feedforward Artificial Neural Network-Based Model for Predicting the Removal of Phenolic Compounds from Water by Using Deep Eutectic Solvent-Functionalized CNTs,,Rusul Khaleel Ibrahim,2020,Molecules,21,true,adsorption,experimental,147,,adsorption_capacity,adsorption capacity (Q),mg/g,,,"2,4-dichlorophenol",CNT,false,normalization,random_split,,83:17,false,R2,0.9993,0.00708,true,false,4,none_reported,ANN,sensitivity_analysis,4,manual,,true,ANN,1,R2; RMSE; MSE; MAPE; RRMSE; RE,MATLAB,false,false,false,synthetic,false,false,false
99,Eco-Friendly Synthesis of ZnO Nanoparticles for Quinoline Dye Photodegradation and Antibacterial Applications Using Advanced Machine Learning Models,10.3390/catal14110831,Hayet Chelghoum,2024,Catalysts,19,true,degradation,experimental,,,removal_efficiency,QY photodegradation rate,%,68,98,Quinoline Yellow,ZnO,false,normalization,random_split,,70:15:15,false,R,0.9999,0.025,true,false,4,genetic,GPR,none,4,none_reported,,false,GPR,1,R; RMSE,MATLAB,false,false,false,synthetic,false,false,false
100,Engineering Machine Learning Features to Predict Adsorption of Carbon Dioxide and Nitrogen in Metal-Organic Frameworks,10.1021/acs.jpcc.4c01692,Zijun Deng,2024,The Journal of Physical Chemistry C,18,true,adsorption,database,10140,,uptake,adsorption uptake,mol/kg,,,CH4; C2H6; C3H8; Kr; Xe; CO2; N2,MOF,true,none_reported,random_split,,80:20,false,R2,0.977,,false,true,,none_reported,XGBoost,none,,none_reported,,false,XGBoost,1,R2; MAE,Python,true,true,true,not_applicable,true,false,false
101,Machine learning algorithm and neural network architecture for optimization of pharmaceutical and drug manufacturing industrial effluent treatment using activated carbon derived from breadfruit (Treculia africana),,Prosper Eguono Ovuoraye,2023,Journal of Engineering and Applied Science,14,true,adsorption,experimental,625,,other,residual TDS concentration,mg/L,,,TDS,Activated Carbon; Biochar,true,none_reported,random_split,,80:20,false,R2,0.9411,1.0135,false,false,4,grid_search,RF,none,4,none_reported,Contact time; Dosage; Particle size,false,RF; DT; SVM; ANN; CNN; LSTM; LR,7,R2; RMSE; MSE; MAE; MAD,Python,false,false,false,real_wastewater,true,false,false
102,Machine learning-assisted prediction of water adsorption isotherms and cooling performance,,Zhilu Liu,2023,Journal of Materials Chemistry A,13,false,adsorption,literature,3404,,uptake,water uptake,g g⁻¹,0,2.0,H2O,MOF; COF; Zeolite,true,normalization,k_fold,5,80:20,false,R2,0.982,0.029,true,false,4,grid_search,RF,feature_importance,4,manual,adsorption pressure (P); surface area (Sa); pore diameter (Dp),true,RF; ANN,2,R2; RMSE; MAE,Python,false,false,false,not_applicable,false,false,false
103,"Kinetics, central composite design and artificial neural network modelling of ciprofloxacin antibiotic photodegradation using fabricated cobalt-doped zinc oxide nanoparticles",10.1038/s41598-024-84568-w,Asmaa I. Meky,2025,Scientific Reports,12,true,degradation,experimental,152,,removal_efficiency,CIPF degradation efficiency,%,51.194,99.0,Ciprofloxacin,ZnO,false,none_reported,random_split,,70:15:15,false,R2,0.978,,true,false,4,none_reported,ANN,sensitivity_analysis,4,manual,CIPF dosage; Catalyst dosage; pH,false,ANN; RSM,2,R2; MSE,MATLAB; other,false,false,true,synthetic,true,false,true
104,Cephalexin Adsorption by Acidic Pretreated Jackfruit Adsorbent: A Deep Learning Prediction Model Study,10.3390/w14142243,Adel Al‐Gheethi,2022,Water,9,true,adsorption,experimental,21,,removal_efficiency,Removal,%,0.0,100.0,Cephalexin,Acidic pretreated jackfruit peel adsorbent; Jackfruit peel,false,none_reported,random_split,,70:30,false,R2,0.9435,7.41,true,false,4,none_reported,ANN,sensitivity_analysis,4,none_reported,APJAP dosage; Initial CFX concentration; pH,true,ANN; RSM,2,R2; RMSE; MAE; MSE; RAE; RRSE; RSE; R,JMP; Design Expert,false,false,false,synthetic,false,false,false
105,"Data-Based Modeling, Multi-Objective Optimization and Multi-Criteria Decision Making of a Catalytic Ozonation Process for Degradation of a Colored Effluent",10.3390/pr12030515,Seyed Reza Nabavi,2024,Processes,7,true,degradation,experimental,78,,removal_efficiency,%DE,%,25,96,Acid Red 88,Fe3O4,false,normalization,random_split,,70:30,false,R2,0.98,,true,false,5,none_reported,ANN,feature_importance,5,none_reported,pH; Batch time; Air flow rate,true,ANN,1,R2; RMSE,other,false,false,false,synthetic,false,false,false
106,Adsorbed Gas Storage Digital Twin,,Georg Klepp,2023,JOM,7,true,adsorption,database,2915,,uptake,adsorbed species concentration,,,,Methane; Hydrogen; Carbon Dioxide; Carbon Monoxide; Krypton,Activated Carbon,false,none_reported,k_fold,5,60:40,false,R2,1.0,12.06,true,false,8,none_reported,GPR,none,8,none_reported,,false,ANN; GPR,2,R2; RMSE,MATLAB,false,false,false,not_applicable,false,true,false
108,Artificial Neural Network Modelling of Photocatalytic Degradation of Diclofenac as a Pharmaceutical Contaminant,10.3103/S1063455X20040128,Aysan Rahimpour-Javid,2020,Journal of Water Chemistry and Technology,6,false,degradation,experimental,,,removal_efficiency,DCF removal percent,%,0,100,Diclofenac,TiO2; glass beads,false,normalization,random_split,,,false,R2,0.99619,,true,false,5,none_reported,ANN,feature_importance,5,manual,pH; irradiation time; DCF initial concentration,true,ANN,1,R2; MSE,,false,false,false,synthetic,false,false,false
111,Comparison of machine learning approaches for the identification of top-performing materials for hydrogen storage,,Antonios P. Sarikas,2023,Sustainable Chemistry for the Environment,3,true,adsorption,database,98695,19,uptake,usable capacities,"wt%, g L^-1",,,H2,MOF,false,none_reported,random_split,,,false,R2,0.997,0.208,false,false,7,none_reported,ERT,none,7,none_reported,,false,DT; RF; ERT; GBT,4,R2; MAE; RMSE; WAPE,Python,false,true,true,not_applicable,true,false,false
112,"Hydrothermal and sol-gel low-temperature synthesis of tin, silver co-doped TiO2 nanoparticles with enhanced photocatalytic efficiency: artificial neural network modelling",10.33945/SAMI/AJGC.2019.4.2,Robab Mohammadi,2019,Asian Journal of Green Chemistry,3,true,degradation,experimental,,,removal_efficiency,degradation efficiency %,%,12,100,Methylene Blue,TiO2,false,normalization,random_split,,50:25:25,false,R2,0.979,,false,false,4,grid_search,ANN,sensitivity_analysis,4,manual,pH of the solution; Initial dye concentration; mol% of dopant ions,true,ANN,1,R2; MSE,MATLAB,false,false,false,synthetic,false,false,false
114,Leveraging advanced ensemble learning techniques for methane uptake prediction in metal organic frameworks,10.1038/s41598-025-17028-8,Aydin Larestani,2025,Scientific Reports,1,true,adsorption,literature,2590,19,uptake,CH4 uptake,mmol/gr,0.004,17.36,Methane,MOF,false,outlier_removal,k_fold,10,80:20,false,R2,0.9943,0.244,true,false,4,none_reported,XGBoost,sensitivity_analysis,4,none_reported,pressure; pore volume; surface area,true,XGBoost; CatBoost; LightGBM; GBM,4,R2; RMSE; other,,false,true,false,not_applicable,false,false,false
115,Leveraging advanced ensemble learning techniques for methane uptake prediction in metal organic frameworks,10.1038/s41598-025-17028-8,Tianxiang Wu,2022,Chinese Science Bulletin (Chinese Version),1,false,adsorption,literature,2590,19,uptake,CH4 uptake,mmol/gr,0.004,17.36,CH4,MOF,false,outlier_removal,k_fold,10,80:20,false,R2,0.9955,0.244,true,false,4,grid_search,XGBoost,sensitivity_analysis,4,none_reported,pressure; pore volume; surface area,true,XGBoost; CatBoost; LightGBM; GBM,4,R2; RMSE; MAPE; other,,false,true,true,not_applicable,true,false,false
117,"Machine learning, a powerful tool for the prediction of BiVO4 nanoparticles efficiency in photocatalytic degradation of organic dyes",10.1080/10934529.2024.2319510,A. Gnanaprakasam,2024,Journal of Environmental Science and Health Part A,1,false,degradation,literature,1979,,removal_efficiency,conversion %,%,,,organic dyes,BiVO4,true,standardization; label_encoding,k_fold,,30:70,false,R2,0.8289,10.9008,false,false,12,none_reported,XGBoost,feature_importance,12,correlation,power of light; synthesis temperature; dopant/Bi ratio,true,LR; DT; RF; AdaBoost; XGBoost; KNN; SVR; ANN,9,R2; RMSE; MAE; MSE,Python,false,false,false,not_specified,false,false,false
120,Machine Learning-Guided High-Throughput Screening of Metal-Organic Frameworks for Atmospheric Ozone Capture: A Computational Materials Informatics Approach,10.1021/acs.jcim.5c02152,Saiwei Ge,2025,Journal of Chemical Information and Modeling,0,false,adsorption,database,2116,,uptake,adsorption capacity,mol/kg,2.58e-07,0.015,O3,MOF,true,standardization; normalization; log_transform,k_fold,5,,false,R2,0.852,0.000218,false,false,8,grid_search,RF,SHAP; feature_importance,8,correlation,pore_shape; pore_efficiency; AV_VF,true,RF; SVM; XGBoost; LR; GBM,5,R2; RMSE; MAE; MSE; other,Python,true,true,true,not_applicable,true,false,false
121,Cross-Linked Magnetic Chitosan/Activated Biochar for Removal of Emerging Micropollutants from Water: Optimization by the Artificial Neural Network,,Amin Mojiri,2019,Water,121,true,adsorption,experimental,50,,removal_efficiency,Removal %,%,38.7,98.8,Diclofenac; Ibuprofen; Naproxen,Chitosan; Biochar,false,none_reported,random_split,,60:20:20,false,R2,0.999,,true,false,2,none_reported,ANN,none,2,manual,pH; micropollutant concentration,false,ANN,1,R2; MSE,MATLAB,false,true,false,synthetic,true,false,false
122,Rapid Screening of Metal-Organic Frameworks for Propane/ Propylene Separation by Synergizing Molecular Simulation and Machine Learning,10.1021/acsami.1c13786,Hongjian Tang,2021,ACS Applied Materials & Interfaces,95,false,adsorption,database,1726,,adsorption_capacity,N_{C3H8},mol/kg,,,Propane; Propylene,MOF,true,none_reported,random_split,5,90:10,false,R2,0.93,,false,true,254,random_search,RF,SHAP; feature_importance,254,RFE,density; pv_max; pv_mean,true,RF,1,R2; MAE; other,Python,false,true,true,not_applicable,true,false,false
124,Breakthrough Curves Prediction of Selenite Adsorption on Chemically Modified Zeolite Using Boosted Decision Tree Algorithms for Water Treatment Applications,10.3390/w14162519,Neda Halalsheh,2022,Water,44,true,adsorption,experimental,,,other,relative concentration (C/Co),,0.002,0.962,Selenite,Zeolite; iron oxide,false,none_reported,k_fold,5,,false,R2,0.9957,0.02,false,false,3,none_reported,CatBoost,feature_importance,3,none_reported,initial concentration; pore volume; ionic strength,true,AdaBoost; GBM; XGBoost; LightGBM; CatBoost,5,R2; MAE; MAPE; RMSE,,false,false,false,synthetic,true,false,false
126,Combining large-scale screening and machine learning to predict the metalorganic frameworks for organosulfurs removal from high-sour natural gas,10.1063/1.5100765,Hong Liang,2019,APL Materials,32,true,adsorption,database,142717,,adsorption_capacity,adsorption capacities,mg/g,,980.5,Methanethiol; Ethanethiol,MOF,true,none_reported,k_fold,5,,false,R,0.87,,true,true,7,none_reported,ANN,feature_importance,7,manual,Qst; rho; phi,true,ANN; LR; DT,3,R; MSE,,false,false,true,not_applicable,false,false,false
127,Prediction of Arsenic Removal from Contaminated Water Using Artificial Neural Network Model,10.3390/app12030999,Mohammed Al‐Yaari,2022,Applied Sciences,28,true,adsorption,literature,,7,removal_efficiency,As removal %,%,,,As(III),various adsorbents/biosorbents,true,log_transform,random_split,,70:30,false,R2,0.9333,0.274,true,false,9,none_reported,ANFIS,feature_importance,9,manual,pH; As initial concentration; contact time,true,ANFIS,1,R2; RMSE; MSE; R,MATLAB,false,false,true,not_specified,true,false,false
128,Applied machine learning to analyze and predict CO2 adsorption behavior of metal-organic frameworks,10.1016/j.ccst.2023.100146,Xiaoqiang Li,2023,Carbon Capture Science & Technology,28,true,adsorption,literature,348,,uptake,CO2 adsorption capacity,mmol/g,0.08,30.4,CO2,MOF,true,missing_value_imputation; one_hot_encoding,random_split,5,85:15,false,R2,0.896,1.35,true,false,10,grid_search,RF,SHAP; PDP; feature_importance,10,manual,P; T; SBET,true,RF; GBM; LightGBM; XGBoost,4,R2; RMSE,Python,false,true,false,not_applicable,false,false,false
129,"A new approach in adsorption modeling using random forest regression, Bayesian multiple linear regression, and multiple linear regression: 2,4-D adsorption by a green adsorbent",,Bahareh Beigzadeh,2020,Water Science & Technology,27,true,adsorption,experimental,45,,adsorption_capacity,adsorption capacity,mg/g,,,"2,4-D; 2,4-dichlorophenoxy acetic acid",Biochar,false,normalization,random_split,,70:30,false,R2,0.994,1.92,false,false,5,none_reported,RF,feature_importance; sensitivity_analysis,5,manual,"initial 2,4-D concentration; adsorbent dosage; temperature",true,RF; Bayesian; LR,3,R2; RMSE,,false,false,false,synthetic,false,false,false
130,Data-Driven Machine Learning Intelligent Tools for Predicting Chromium Removal in an Adsorption System,10.3390/pr10030447,Mohd. Zafar,2022,Processes,27,true,adsorption,experimental,18,,removal_efficiency,chromium removal efficiency (RE),%,49.58,95.48,Cr(VI),maghemite nanoparticles,true,normalization,random_split,,75:25,false,R,0.97,3.18,true,false,3,none_reported,ANN,none,3,manual,pH; adsorbent dose; initial chromium concentration,false,ANN; ANFIS,2,R; R2; RMSE; MSE; other,MATLAB,false,false,true,synthetic,true,false,false
131,Antimicrobial study and biosorption of Pb2+ ions onto chitosan-walnut composites: mechanistic studies and neuro-fuzzy modeling approach,,Abayomi Bamisaye,2023,Biomass Conversion and Biorefinery,26,true,adsorption,experimental,,,removal_efficiency,removal rate,%,,,Pb(II),Chitosan; walnut shell,false,normalization,random_split,,70:30,false,R2,0.9966,1.217,true,false,5,grid_search,ANFIS,none,5,none_reported,,false,ANFIS,2,R2; RMSE; MAE; MAPE,MATLAB,false,false,true,synthetic,true,false,true
132,Fixed bed utilization for the isolation of xylene vapor: Kinetics and optimization using response surface methodology and artificial neural network,,Kaushal Naresh Gupta,2020,Environmental Engineering Research,18,true,adsorption,experimental,96,,other,percentage utilization of the adsorbent bed,%,,,Xylene,Activated Carbon,false,normalization,random_split,,76:10:10,false,R2,0.99907,,false,false,3,grid_search,ANN,none,3,none_reported,,false,ANN; RSM,2,R2; MSE,MATLAB; other,false,false,false,not_applicable,false,false,false
133,Revealing acetylene separation performances of anion-pillared MOFs by combining molecular simulations and machine learning,10.1016/j.cej.2023.142731,Hakan Demir,2023,Chemical Engineering Journal,17,true,adsorption,database,534,,uptake,adsorption amounts,mol/kg,,,C2H2; CH4; CO2,MOF,true,none_reported,k_fold,5,80:20,false,R2,0.951,,true,false,3,genetic,,SHAP,3,correlation,Qst⁰; PLD; SA,true,DT; XGBoost; RF; GBM; AdaBoost,5,R2; RMSE; MAE; other,Python,false,false,true,not_applicable,true,false,false
134,Gaussian Process Regression and Machine Learning Methods for Carbon-Based Material Adsorption,,Manar Ahmed Hamza,2022,Adsorption Science & Technology,16,true,adsorption,literature,151,40,adsorption_capacity,adsorption quantity,,,,Tetracycline; Sulfamethoxazole,Biochar; Activated Carbon; waste feed; CNT; Graphene Oxide,false,standardization,k_fold,5,80:20,false,R2,,,false,false,9,none_reported,GPR,feature_importance; PDP,9,none_reported,,true,GPR; ANN; RF,3,R2; RMSE; other,Python,false,false,true,not_specified,false,false,false
135,High-Throughput Computational Screening and Machine Learning Model for Accelerated Metal—Organic Frameworks Discovery in Toluene Vapor Adsorption,10.1021/acs.jpcc.3c01749,Xiaohua Liu,2023,The Journal of Physical Chemistry C,16,false,adsorption,database,2500,,uptake,toluene vapor adsorption capacity,mmol/g,,25.57,Toluene,MOF; HKUST-1; UiO-66; SNU-6,true,none_reported,random_split,,80:10:10,false,R2,0.986,,false,false,,bayesian,CNN,none,,none_reported,helium void fraction; gravimetric surface area; open metal sites,false,CNN,2,R2; R; MAE,other,true,true,false,not_applicable,true,false,false
136,In Silico Study of Metal-Organic Frameworks for CO2/CO Separation: Molecular Simulations and Machine Learning,10.1021/acs.jpcc.3c02452,I-Ting Sung,2023,The Journal of Physical Chemistry C,14,false,adsorption,database,6000,,selectivity,CO2-to-CO selectivity (S),dimensionless,10,7485.71,CO2; CO,MOF,true,log_transform,random_split,,80:20,false,R,0.88,0.222,true,false,17,none_reported,RF,feature_importance,17,none_reported,LCD; MC; POAV,true,RF; XGBoost; SVR,3,R2; RMSE; MAPE; R,Python; other,false,false,false,not_applicable,true,false,false
137,Interpretable machine learning for materials discovery: Predicting CO2 adsorption properties of metal–organic frameworks,10.1063/5.0222154,Yukun Teng,2024,APL Materials,13,true,adsorption,database,100240,,uptake,CO2 adsorption capacity,mol/kg,,,CO2,MOF,true,none_reported,random_split,,80:20,false,R2,0.949,,false,false,793,none_reported,XGBoost,SHAP,793,none_reported,void fraction; gravimetric surface area; AATSC0p,true,XGBoost,1,R2; MAE; MSE,Python,false,false,false,not_applicable,true,false,false
138,Combining Computational Screening and Machine Learning to Predict Metal–Organic Framework Adsorbents and Membranes for Removing CH4 or H2 from Air,10.3390/membranes12090830,Huilin Li,2022,Membranes,13,true,adsorption,database,6013,,selectivity,adsorption selectivity (Sads),,,,CH4; H2,MOF,false,log_transform,random_split,5,80:20,false,R,0.99,0.36,true,false,7,genetic,RF,feature_importance,7,manual,Henry's constant (K); Heat of adsorption (Qst); Largest cavity diameter (LCD),true,RF; DT; AutoML,3,R; MAE; RMSE,Python,false,false,false,not_applicable,true,false,false
139,Adsorption Performance and Mechanism of H3PO4-Modified Banana Peel Hydrothermal Carbon on Pb(II),10.3390/separations11010017,Tao Bai,2024,Separations,9,true,adsorption,experimental,,,adsorption_capacity,adsorption capacity,mg/g,,101.19,Pb(II),hydrothermal carbon; banana peel,false,none_reported,random_split,,70:15:15,false,R2,0.99,,true,false,5,none_reported,ANN,none,5,manual,,false,ANN,1,R2; MAPE,MATLAB,false,false,false,synthetic,true,false,false
140,Adsorptive removal of Cr(VI) and Cu(II) ions from aqueous solutions by a natural moss,,Sengul Tugba Ozeken,2023,AQUA - Water Infrastructure Ecosystems and Society,9,true,adsorption,experimental,25,,removal_efficiency,adsorption efficiency,%,9.8,78.5,Cr(VI); Cu(II),moss; Racomitrium ericoides,false,none_reported,random_split,,70:15:15,false,R2,0.994,,false,false,4,none_reported,ANN,none,4,none_reported,,false,ANN,1,R2,MATLAB,false,true,false,synthetic,false,false,false
141,"Efficient Exploration of Adsorption Space for Separations in Metal—Organic Frameworks Combining the Use of Molecular Simulations, Machine Learning, and Ideal Adsorbed Solution Theory",10.1021/acs.jpcc.3c04533,Xiaohan Yu,2023,The Journal of Physical Chemistry C,9,true,adsorption,database,63062,,uptake,loading,mol/kg,,,Propane; Propene; 1-methyl-3-buten-1-ol; CO2; CH4,MOF,true,log_transform; outlier_removal,random_split,,64:16:20,false,R2,0.973,,true,true,41,grid_search,XGBoost,feature_importance,41,manual,log Henry's constant; void fraction; Langmuir descriptor,true,XGBoost; SVM,1,R2; MAE,Python; RASPA,true,true,true,not_applicable,false,false,false
142,Machine learning-driven prediction of biochar adsorption capacity for effective removal of Congo red dye,10.1007/s44246-024-00168-3,Shubham Yadav,2025,Carbon Research,8,true,adsorption,literature,,,adsorption_capacity,"adsorption capacity (Q, mmol/g)",mmol/g,,,Congo Red,Biochar,false,standardization,k_fold,10,80:20,false,R2,0.9785,0.1357,true,false,11,grid_search,RF,SHAP; PDP; feature_importance,11,correlation,C0 (initial dye concentration relative to biochar dosage); BET (specific surface area); PV (pore volume),true,LR; SVR; DT; RF; Ridge; XGBoost,6,R2; MSE; RMSE,Python,false,false,true,not_specified,true,false,false
143,Optimizing the Methylene Blue Removal from Aqueous Solution Using Pomelo Peel Based Biochar Assisted by RSM and ANN-PSO,,Wenyun Wang,2021,Polish Journal of Environmental Studies,8,true,adsorption,experimental,29,,removal_efficiency,Removal efficiency (%),%,67.24,84.93,Methylene Blue,Biochar,false,none_reported,none_reported,,,false,R2,0.9985,,false,false,4,none_reported,ANN,none,4,manual,Initial MB concentration; Temperature; Contact time,false,RSM; ANN,2,R2; MAE,,false,false,true,synthetic,true,false,false
144,Screening adsorbent-working solution pairs for adsorption-driven osmotic heat engines based on experimental water adsorption isotherm database and machine learning,10.1016/j.psep.2022.09.046,Yanan Zhao,2022,Process Safety and Environmental Protection,8,false,adsorption,literature,776,,other,energy efficiency (ηe),%,0,4.308,,carbon; COF; MOF; POP; Zeolite,false,none_reported,random_split,,80:20,false,R2,0.98,,false,false,5,bayesian,GPR,none,5,none_reported,,false,GPR; SVR; DT; ET,4,R2; RMSE; MAE; MSE,,false,true,false,not_applicable,true,false,false
145,Exploring Optimization of Zeolites as Adsorbents for Rare Earth Elements in Continuous Flow by Machine Learning Techniques,10.3390/molecules28247964,Óscar Barros,2023,Molecules,7,true,adsorption,experimental,16,,removal_efficiency,Removal (%),%,68.2,84.7,La; Ce; Y; Tb; Pr; Eu,Zeolite; FAU; Z13X,false,normalization,random_split,,70:30,false,,,,true,false,15,none_reported,,feature_importance,,PCA,,true,KNN; DT; RF; LR,4,other,other,false,false,false,synthetic,false,false,false
146,Data-Driven and Machine Learning to Screen Metal–Organic Frameworks for the Efficient Separation of Methane,10.3390/nano14131074,Yafang Guan,2024,Nanomaterials,7,true,adsorption,database,42092,,selectivity,diffusion selectivity (S_diff),dimensionless,,61406.36,H2; N2; O2; CO2; H2S; He,MOF,true,standardization,k_fold,5,70:30,false,R2,0.954,0.207,false,false,9,none_reported,LightGBM,SHAP,9,none_reported,PLD; pol; Dia,true,RF; GBM; XGBoost; LightGBM,4,R2; MAE; RMSE,Python; RASPA; zeo++,false,true,false,not_applicable,false,false,false
147,Simulation and Machine Learning-Integrated Investigation of Double-Linker MOFs for the Separation of CF4 from CH4 and N2,10.1021/acs.iecr.4c01222,Hakan Demir,2024,Industrial & Engineering Chemistry Research,5,true,adsorption,database,498,,uptake,gas uptake,mol/kg,0.0032,1.62,CF4; CH4; N2,MOF,true,correlation,k_fold,5,80:20,false,R2,0.98,,true,false,2,genetic,AutoML,feature_importance,2,correlation,Henry's constant; surface area,true,AutoML,1,R2; RMSE; MAE; other,Python; other,false,false,true,not_applicable,true,false,false
148,High-throughput computational screening and molecular fingerprint design of metal-organic framework adsorbents for separation of C3 components,10.1016/j.giant.2023.100223,Chengzhi Cai,2023,Giant,5,true,adsorption,database,,,selectivity,S_PP,,,,Propylene; Propane; Methylacetylene; Propadiene,MOF,false,none_reported,k_fold,10,70:30,false,R,0.87,,false,false,,bayesian,RF,feature_importance,,manual,MorganFPs; PSD; φ,true,XGBoost; DT; RF; GBM; CatBoost; KNN; SVM; ANN,8,R; MAE; RMSE,Python,false,false,false,not_applicable,false,false,false
150,Machine Learning Application to Optimize Spent Mushroom Compost (SMC) Biochar as Filter Media for Heavy Metal Adsorption in Abandoned Mine Water,,Zafira Madzin,2024,Advanced Sustainable Systems,4,true,adsorption,experimental,749,,adsorption_capacity,Adsorption capacity,mg g-1,0,50,Pb(II); Cu(II); Fe(II); Mn(II),Biochar; spent mushroom compost; soil,false,normalization,random_split,,80:20,false,R2,0.9992,0.814,false,true,5,none_reported,ANFIS,none,5,none_reported,,false,ANFIS; LR,2,R2; RMSE; MAE,MATLAB,false,false,true,both,true,true,false
152,Research on Operation Efficiency Prediction and Optimization of Biological Retention System Based on GA-BP Neural Network Model,,Feiwu Chen,2023,Sustainability,4,true,both,literature,120,52,removal_efficiency,NH4+-N removal rate,%,,,Ammonium Nitrogen; Nitrate Nitrogen,Biochar; soil; mineral filler,true,normalization; outlier_removal,random_split,,82:18,false,R,0.9199,,true,false,15,genetic,ANN,none,15,correlation,Rainfall duration; Ratio of strong permeable soil; Mineral filler ratio,false,ANN,2,R,MATLAB; R,false,false,false,real_wastewater,true,true,false
153,Data-Driven Discovery of Gas-Selective Organic Linkers in Metal—Organic Frameworks for the Separation of Ethylene and Ethane,10.1021/acs.jpclett.4c00860,Mingzheng Zhang,2024,The Journal of Physical Chemistry Letters,4,false,adsorption,database,15361,,adsorption_capacity,adsorption energy,meV/atom,,,C2H4; C2H6,MOF; organic linkers,true,none_reported,random_split,,,false,R2,0.99,,true,false,80,none_reported,GBM,SHAP,80,none_reported,number of aromatic rings; number of NH/OH species; number of sulfonamide groups,true,ANN; GBM,2,R2; MAE,Python; other,true,false,false,not_applicable,true,false,false
156,Artificial Neural Network Prediction of Optimal Phenylic acid Adsorption using Lantana camara Activated Carbon,10.13005/ojc/390121,V. Senthilkumar V. Senthilkumar,2023,Oriental Journal Of Chemistry,2,true,adsorption,experimental,17,,removal_efficiency,percentage of phenylic acid that has been removed,%,29.4,95.8,Phenylic acid,Activated Carbon,false,none_reported,none_reported,,,false,R2,0.9999,0.001693,false,false,3,none_reported,ANN,none,3,manual,pH; initial concentration; adsorbent amount,false,ANN,1,R2; RMSE; MAPE,MATLAB,false,false,false,synthetic,false,false,false
158,Predicting the Sorption of Mn2+ ion from Wastewater onto Zinc Chloride Activated Sawdust using Artificial Neural Network (ANN),10.7176/JEES/9-10-15,I. R. Ilaboya,2019,Journal of environment and earth science,1,true,adsorption,experimental,90,,removal_efficiency,Mn(II) Sorption Efficiency (%),%,63.2,88.7,Mn(II),Activated Carbon,false,normalization,random_split,,60:25:15,false,R2,0.9893,,true,false,4,none_reported,ANN,none,4,none_reported,,false,ANN,1,R2; MSE,MATLAB,false,false,false,synthetic,false,false,false
165,Process optimization and enhancement of pesticide adsorption by porous adsorbents by regression analysis and parametric modelling,10.1038/s41598-021-91178-3,Mohammad Hadi Dehghani,2021,Scientific Reports,87,true,adsorption,experimental,30,,removal_efficiency,removal efficiency,%,,,Diazinon,Pumice,false,none_reported,random_split,,70:15:15,false,R2,0.976,,true,false,4,genetic,ANN,feature_importance,4,manual,initial diazinon concentration; pH; adsorbent dosage,false,RSM; ANN,2,R2; RMSE; MSE; other,,false,false,true,synthetic,false,false,false
166,Prediction of uranium adsorption capacity on biochar by machine learning methods,10.1016/j.jece.2022.108449,Tianxing Da,2022,Journal of environmental chemical engineering,70,false,adsorption,literature,777,13,adsorption_capacity,adsorption capacity,mg/g,,,U(VI),Biochar,false,normalization,k_fold,5,80:20,false,R2,0.99,3.75,false,true,10,none_reported,ANN,feature_importance,10,none_reported,SLR; SA; pH,true,LR; SVR; RF; ANN,4,R2; RMSE,Python,false,true,false,synthetic,false,false,false
167,Intelligent prediction models based on machine learning for CO2 capture performance by graphene oxide‑based adsorbents,10.1038/s41598-022-26138-6,Farnoush Fathalian,2022,Scientific Reports,58,true,adsorption,literature,749,17,adsorption_capacity,CO2 adsorption capacity,mmol/g,0.01,9.05,CO2,Graphene Oxide; porous carbon; MOF,true,outlier_removal; standardization,random_split,,75:15:10,false,R2,0.9943,0.153,false,false,4,grid_search,ANN,feature_importance,4,correlation,BET surface area; Pressure; Total pore volume,true,SVR; RF; ET; GBM; XGBoost; ANN,7,R2; RMSE; MAE; MSE,Python,false,false,false,not_applicable,true,false,false
168,Application of machine learning in predicting the adsorption capacity of organic compounds onto biochar and resin,10.1016/j.envres.2022.112694,Ying Zhao,2022,Environmental Research,55,false,adsorption,literature,1750,1,log_Kd,log Kd,,-5.6,3.9,organic compounds,Biochar; polymer resin,false,normalization; outlier_removal,k_fold,5,80:20,false,R2,0.976,0.019,false,false,8,none_reported,GPR,sensitivity_analysis,8,manual,V; logCe; Vt,true,GPR,1,R2; RMSE,MATLAB; SPSS,false,true,true,synthetic,false,false,false
170,Machine-Learning-Assisted Optimization of a Single-Atom Coordination Environment for Accelerated Fenton Catalysis,10.1021/acsnano.3c03610,Haoyang Fu,2023,ACS Nano,45,true,degradation,experimental,144,,rate_constant,phenol degradation rate k,min⁻¹,0.01,0.15,Phenol,Single-atom catalysts; Fe-N-C; Graphene Oxide,false,none_reported,k_fold,10,80:20,false,R2,0.87,,false,false,8,none_reported,XGBoost,SHAP,8,none_reported,Fe addition; calcination temperature; pyrolysis temperature,true,XGBoost; KNN; AdaBoost; LASSO,4,R2; MAE; MSE; R,Python,false,false,true,synthetic,true,false,false
172,Hydrogen Storage on Porous Carbon Adsorbents: Rediscovery by Nature-Derived Algorithms in Random Forest Machine Learning Model,10.3390/en16052348,Hung Vo Thanh,2023,Energies,39,true,adsorption,literature,566,46,uptake,H2 uptake,wt%,0,12.6,Hydrogen,Biochar; Activated Carbon; metal-doped carbon,false,normalization,random_split,,80:20,false,R2,0.93,0.598,true,false,11,genetic,RF,sensitivity_analysis,11,none_reported,Temperature; Total pore volume; Specific surface area,true,RF,1,R2; RMSE; MAE,Python,false,true,true,not_applicable,true,false,false
175,Interpretable Graph Transformer Network for Predicting Adsorption Isotherms of Metal-Organic Frameworks,10.1021/acs.jcim.2c00876,Pin Chen,2022,Journal of Chemical Information and Modeling,35,false,adsorption,mixed,22840,,uptake,gas uptake,mol/kg,,,N2; CO2; CH4,MOF,true,none_reported,k_fold,10,80:10:10,false,R,,,false,true,,none_reported,MOFNet,SHAP; feature_importance,,none_reported,PV; density; VF,true,SVR; DT; GBM; RF; DNN,9,R; MAE; RMSE; MSE; other,Python; other,true,true,true,not_applicable,true,false,false
176,Coupling machine learning and theoretical models to compare key properties of biochar in adsorption kinetics rate and maximum adsorption capacity for emerging contaminants,10.1016/j.biortech.2024.130776,Bingyou Liu,2024,Bioresource Technology,28,false,both,literature,420,,qmax,Qm,mmol/g,,,Emerging Contaminants (ECs); PPCPs; EDCs,Biochar,true,log_transform; standardization; missing_value_imputation,random_split,5,80:20,false,R2,0.874,0.345,true,false,19,grid_search,AdaBoost,feature_importance; PDP,15,correlation,SBET; Dp; Ash content,true,RF; AdaBoost; ANN,3,R2; RMSE,Python,false,false,true,synthetic,true,false,false
177,Experimental and neural network modeling of micellar enhanced ultrafiltration for arsenic removal from aqueous solution,,Muhammad Yaqub,2020,Environmental Engineering Research,26,true,adsorption,experimental,96,,removal_efficiency,As RE,%,0.55,0.99,As(V),Polyacrylonitrile membrane; Cetylpyridinium chloride (CPC),false,none_reported,random_split,,70:15:15,false,R2,0.932,0.623,true,false,5,none_reported,ANN,sensitivity_analysis,5,none_reported,time; pressure; As concentration,true,ANN,1,R2; RMSE,MATLAB,false,false,false,synthetic,false,false,false
178,Machine learning prediction of ammonia nitrogen adsorption on biochar with model evaluation and optimization,10.1038/s41545-024-00429-z,Chong Liu,2025,npj Clean Water,25,true,adsorption,literature,417,,adsorption_capacity,equilibrium adsorption capacity (Q),,,,Ammonia nitrogen,Biochar,false,missing_value_imputation; standardization,k_fold,5,80:20,false,R2,0.9329,0.5378,true,false,11,bayesian,CatBoost,SHAP; PDP; feature_importance,10,correlation,C0; Temp; C,true,RF; GBM; XGBoost; LightGBM; CatBoost; ET; SVM; Ridge; GPR; ANN; CNN; LSTM,12,R2; RMSE,Python,true,true,true,not_specified,false,false,false
179,Carbon adsorption on waste biomass of passion fruit peel: A promising machine learning model for CO2 capture,10.1016/j.jcou.2024.102680,Christiano Bruneli Peres,2024,Journal of CO2 Utilization,24,true,adsorption,literature,172,13,uptake,CO2 Uptake,mmol/g,1.22,8.6,CO2,passion fruit peel; Activated Carbon,true,none_reported,k_fold,3,80:20,false,R2,0.61,1.05,true,false,3,none_reported,LR,feature_importance,3,manual,micropore volume; BET specific surface area; adsorption temperature,true,LR,1,R2; RMSE,Python,true,true,true,not_applicable,true,false,false
181,Predicting biochar adsorption capacity for methylene blue removal using machine learning,10.1016/j.jwpe.2024.106749,Priyanshu Rajput,2024,Journal of Water Process Engineering,21,false,adsorption,literature,199,,qmax,adsorption capacity (Q),mmol/g,,3.5,Methylene Blue,Biochar,false,standardization; correlation,k_fold,10,80:20,false,R2,0.9415,0.2315,true,false,11,bayesian,RF,SHAP; feature_importance; PDP,11,correlation,C₀ (initial dye concentration relative to biochar dosage); D (pore diameter); C (total carbon content),true,LR; Ridge; SVR; DT; RF; AdaBoost; GBM; LightGBM,8,R2; MSE; RMSE,Python,false,false,false,not_specified,true,false,false
182,Optimization methodology based on neural networks and box-behnken design applied to photocatalysis of acid red 114 dye,,Alok Garg,2019,Environmental Engineering Research,20,true,degradation,experimental,168,,removal_efficiency,degradation and decolorization efficiency,%,,,Acid Red 114,TiO2,false,none_reported,random_split,,145:23,false,R2,0.9983,,false,false,6,none_reported,ANN,feature_importance,6,none_reported,[TiO2]0; A/V; LI,false,ANN; RSM,2,R2; MSE,Design-Expert,false,false,true,synthetic,false,false,false
183,Modeling of the biosorption of Fe(III) ions by olive-stone activated carbon,10.1002/aoc.7384,Ayman Massaoudi,2024,Applied Organometallic Chemistry,19,false,adsorption,literature,45,1,removal_efficiency,removal efficiency,%,,,Fe(III),Activated Carbon,false,none_reported,random_split,,70:15:15,false,R2,0.99967,0.02942,true,false,5,grid_search,ANN,sensitivity_analysis,5,none_reported,,false,ANN,4,R2; RMSE; MAPE; MSE; VAF,MATLAB,false,false,false,synthetic,false,false,false
185,Valorization of aquaculture waste in removal of cadmium from aqueous solution: optimization by kinetics and ANN analysis,,Gautam Aditya,2018,Applied Water Science,15,true,adsorption,experimental,69,,adsorption_capacity,Removal,mg g^-1,,,Cadmium,Bellamya shell dust,false,standardization,random_split,,,false,R2,0.943,,false,false,4,none_reported,ANN,feature_importance,4,none_reported,pH; Cd concentration; Biomass,true,ANN,1,R2; RE; other,SPSS,false,false,false,synthetic,false,false,false
186,Prediction of Uranium Adsorption Capacity in Radioactive Wastewater Treatment with Biochar,,Zening Qu,2024,Toxics,14,true,adsorption,literature,777,13,adsorption_capacity,uranium adsorption capacity,,,,U(VI),Biochar,false,outlier_removal; missing_value_imputation; normalization,random_split,,70:30,false,R2,0.90125,,true,false,10,none_reported,ANN,feature_importance,10,none_reported,initial concentration of uranium (C0); mass percentage of total carbon (C); pH,true,ANN,1,R2; MSE; MAE; MBE,Python,false,false,false,synthetic,true,false,false
188,"Activated Carbon Fabricated from Biomass for Adsorption/Bio-Adsorption of 2,4-D and MCPA: Kinetics, Isotherms, and Artificial Neural Network Modeling",,Raid Alrowais,2023,Sustainability,13,true,adsorption,experimental,,,adsorption_capacity,adsorption capacity,mmol/g,,,"2,4-D; MCPA",Activated Carbon,false,none_reported,random_split,,70:15:15,false,R2,0.96,0.054,true,false,6,grid_search,ANN,none,6,manual,,false,ANN,1,R2; RMSE,MATLAB; other,false,true,true,synthetic,false,false,false
189,Machine learning techniques for predicting the adsorption capacity of Synergistic biochar Functionalization with Pyrrole-Sulfanilic acid copolymer in mercury and chromium remediation,10.1016/j.cej.2024.158322,Nesma A. Fekry,2024,Chemical Engineering Journal,11,false,adsorption,experimental,,,adsorption_capacity,qe,mg g-1,,,Cr(VI); Hg(II),Biochar; copolymer,false,normalization,k_fold,10,,false,R,0.9989,,false,false,4,grid_search,SVR,none,4,none_reported,,false,RF; SVR,2,R; RMSE; MAE; other,Weka,false,false,false,both,false,false,false
190,Automatic Machine Learning Combined with High-Throughput Computational Screening of Hydrophobic Metal-Organic Frameworks for Capture of Methanol and Ethanol from the Air,10.1021/acsestengg.2c00424,Lulu Zhang,2023,ACS ES&T Engineering,11,false,adsorption,database,31399,,other,TSN,mol/kg,,,Methanol; Ethanol,MOF,true,normalization; feature_selection,random_split,5,70:30,false,R2,0.958,,false,false,6,random_search,AutoML,sensitivity_analysis,6,manual,LCD; Qst; Kh,true,DT; RF; SVM; ANN; AutoML,5,R2,Python,false,false,true,not_applicable,false,false,false
193,Adsorption equilibrium of ammonia and water on porous adsorbents at low pressure: Machine learning-based models,,Ruiqing Chen,2022,Journal of Cleaner Production,8,false,adsorption,experimental,,,adsorption_capacity,adsorption capacity,mmol/g,0,31.3,Ammonia; Water,Activated Carbon,false,none_reported,none_reported,,,false,R2,0.9997,0.079,false,false,19,none_reported,LSTM,none,19,none_reported,,false,ANN; LSTM,1,R2; RMSE; MAPE,,false,false,true,not_applicable,true,false,false
194,Optimizing the prediction of adsorption in metal-organic frameworks leveraging Q-learning,10.1002/aic.18611,Etinosa Osaro,2024,AIChE Journal,8,false,adsorption,database,8671,,uptake,adsorption loading,cm³ STP/g,,,CH4; CO2,MOF; Cu-BTC,false,none_reported,none_reported,,,false,R2,0.99,,false,false,1,grid_search,GPR,none,1,none_reported,,false,GPR,1,R2; MAE; other,Python,true,true,true,not_applicable,false,false,false
195,Computational-Based Approaches for Predicting Biochemical Oxygen Demand (BOD) Removal in Adsorption Process,,Mohamed K. Mostafa,2022,Adsorption Science & Technology,7,true,adsorption,experimental,25,,removal_efficiency,BOD removal efficiency,%,,96.4,Organic matter (BOD),CA/nZVI; Nanozero-valent iron; Cellulose acetate,false,none_reported,random_split,,70:15:15,false,R2,0.972,1.449,true,true,5,grid_search,ANN,sensitivity_analysis; feature_importance,5,none_reported,pH; adsorbent dosage; time,true,ANN; RSM,2,R2; RMSE; MAE; MSE,MATLAB,false,true,true,real_wastewater,true,false,false
196,Modeling Tetracycline Adsorption onto Blast Furnace Slag Using Statistical and Machine Learning Approaches,10.3390/su16010464,Harsha S. Rangappa,2024,Sustainability,6,true,adsorption,experimental,17,,removal_efficiency,Removal efficiency (%),%,4,64,Tetracycline,blast furnace slag; oxalic acid modified blast furnace slag,false,none_reported,random_split,,75:25,false,R2,0.98,1.78,false,false,3,none_reported,RSM,,3,manual,pH; contact time; stirring speed,false,RSM; ANN; RF,3,R2; RMSE; MAE,Design-Expert,false,false,true,synthetic,true,false,true
197,Machine learning-based prediction of adsorption capacity of metal-doped and undoped activated carbon: Assessing the role of metal doping,10.1016/j.chemosphere.2024.143495,Saerom Park,2024,Chemosphere,6,false,adsorption,literature,498,100,adsorption_capacity,log Qt,mg/g,,,,Activated Carbon,true,none_reported,random_split,,,false,R2,0.9668,,true,false,10,none_reported,XGBoost,SHAP; PDP,10,manual,surface area; initial concentration; reaction time,true,RF; XGBoost; ANN; GBM; GPR,5,R2; MSE,Python,false,false,false,not_specified,false,false,false
198,Enhancing lead adsorption capacity prediction in biochar: a comparative study of machine learning models and parameter optimization,10.1007/s11356-023-30864-3,Jiatong Liang,2023,Environmental Science and Pollution Research,5,false,adsorption,literature,130,28,qmax,Qm,mg/g,,,Pb(II),Biochar,true,none_reported,k_fold,5,80:20,false,R2,0.91,15.69,true,false,7,none_reported,RF,feature_importance,7,manual,CEC; C; BET,true,ANN; RF,2,R2; RMSE; MAE,MATLAB,false,false,false,not_specified,false,false,false
199,The Prediction of Cu(II) Adsorption Capacity of Modified Pomelo Peels Using the PSO-ANN Model,10.3390/molecules28196957,Mengqing Jiao,2023,Molecules,5,true,adsorption,experimental,100,,adsorption_capacity,Cu(II) adsorption capacity,mg/g,0.7726,6.6994,Cu(II),modified pomelo peels,false,normalization,random_split,,80:20,false,R2,0.99999,0.0077,true,false,4,none_reported,ANN,feature_importance,4,none_reported,Initial Cu(II) concentration; Temperature; Adsorption time,false,ANN,2,R2; RMSE; MAE; MSE,,false,true,true,synthetic,false,false,false
200,Predicting apparent adsorption capacity of sediment-amended activated carbon for hydrophobic organic contaminants using machine learning,10.1016/j.chemosphere.2023.141003,Hyeonmin Lee,2023,Chemosphere,4,false,adsorption,literature,186,,log_Kd,"log K_AC, apparent",L/kg,,,PAHs; PCBs,Activated Carbon; sediment,true,normalization,random_split,3,80:20,false,R2,0.94,0.23,true,false,8,none_reported,SVR,PDP; feature_importance,5,none_reported,MW; TOC; AC size,true,LR; SVR; RF,3,R2; RMSE; other,Python,false,false,false,not_specified,false,false,false
